<?xm version="1.0" encoding="UTF-8"?>
<schemalist>

    <schema id="org.gnome.shell.extensions.perma-clip"
        path="/org/gnome/shell/extensions/perma-clip/">

        <key type="as" name="shortcut">
			<default><![CDATA[['<Super>t']]]></default>
			<summary>Shortcut</summary>
			<description>
				Unused
			</description>
        </key>

		<key type="as" name="clip">
			<default>['', '', '', '', '', '', '', '', '', '']</default>
			<summary>Clipboards</summary>
			<description>
				Unused
			</description>
        </key>

		<key type="as" name="clipnames">
			<default>['Unnamed', 'Unnamed', 'Unnamed', 'Unnamed', 'Unnamed', 'Unnamed', 'Unnamed', 'Unnamed', 'Unnamed', 'Unnamed']</default>
			<summary>Clipboard descriptions</summary>
			<description>
				Unused
			</description>
        </key>
	</schema>

</schemalist>